{
  "users": [
    {
      "id": 1,
      "username": "testuser",
      "email": "test@example.com",
      "bio": "Описание профиля"
    },
    {
      "id": 2,
      "username": "pitad2004@gmail.com",
      "email": "pitad2004@gmail.com",
      "password": "123456"
    },
    {
      "id": 3,
      "username": "danilova.42011",
      "email": "pitad2004@gmail.com",
      "password": "123456"
    },
    {
      "id": 4,
      "username": "Cheburek-993",
      "email": "cheburek0304@gmail.com",
      "password": "123456"
    },
    {
      "id": 5,
      "username": "Полина",
      "email": "pitad2004@gmail.com",
      "password": "123456"
    },
    {
      "id": 6,
      "username": "123456",
      "email": "1234@gmail.com",
      "password": "йцукен"
    },
    {
      "id": 7,
      "username": "p",
      "email": "654321@gmail.com",
      "password": "qwerty"
    }
  ],
  "feedback": []
}